Supplier,Lifespan
A,504.9671415301123
A,498.6173569882882
A,506.4768853810069
A,515.2302985640803
A,497.65846625276663
A,497.6586304305082
A,515.7921281550739
A,507.6743472915291
A,495.3052561406505
A,505.4256004358596
B,498.04873460781306
B,498.0140536964461
B,508.62943407349053
B,476.30079633013304
B,479.1262325123045
B,496.5656870613854
B,489.80753319498365
B,509.7137099889291
B,491.3796388671818
B,483.8154444799706
