Material,Strength
A,521.9847315338233
A,496.61335549270194
A,501.01292307031883
A,478.62877720679813
A,491.83425913212227
B,521.1092258970987
B,508.49006422577696
B,523.7569801834567
B,513.9936131008119
B,517.0830625020673
C,502.77952065324723
C,532.2273382141072
C,509.8380333031448
C,497.3074688525292
C,519.8705389452383
