Temperature,Pressure,Yield
Low,Low,52.483570765056164
Low,Low,49.308678494144075
Low,Low,53.23844269050346
Low,High,62.61514928204013
Low,High,53.82923312638332
Low,High,53.8293152152541
High,Low,67.89606407753696
High,Low,63.837173645764544
High,Low,57.65262807032524
High,High,72.71280021792982
High,High,67.68291153593769
High,High,67.67135123214871
